monday,tuesday,wednesday,thursday,friday,saturday,sunday,hour,min,date,battery,wifi,bluetooth,data,wifi_connected,wifi_scanning,bluetoothDiscovery,airplane_on_off,system_volumen,dtmf_volumen,music_volumen,dtmf_volumen,ringermode_normal,ringermode_silent,ringermode_vibrate,battery_temp,battery_volt,disconected,ac,usb,screen_brightness,screen_automatic_mode,screen_on,cores,maxfreq,minfreq,mem_free
0,0,0,0,0,1,0,21,3,2013-11-16T21:03:17.752+0100,65,1,0,0,0,1,0,0,0,0,0,0,1,0,0,0,0,1,0,0,0,0,0,0,0,0,0
0,0,0,0,0,1,0,22,0,2013-11-16T22:00:14.047+0100,95,1,0,0,0,1,0,0,0,9,7,2,1,0,0,238,4335,0,1,0,27,0,0,4,1600000,200000,78964
0,0,0,0,0,1,0,23,0,2013-11-16T23:00:29.958+0100,99,1,0,0,0,1,0,0,0,9,7,2,1,0,0,228,4255,1,0,0,27,0,0,4,1600000,200000,78964
0,0,0,0,0,0,1,0,0,2013-11-17T00:00:45.044+0100,96,1,0,0,0,1,0,0,0,9,7,2,1,0,0,243,4219,1,0,0,27,0,1,4,1600000,200000,78964
0,0,0,0,0,0,1,1,0,2013-11-17T01:00:55.924+0100,92,1,0,0,0,1,0,0,0,9,7,2,1,0,0,216,4163,1,0,0,27,0,0,4,1600000,200000,78964
0,0,0,0,0,0,1,2,0,2013-11-17T02:00:00.428+0100,88,1,0,0,0,1,0,0,0,9,7,2,1,0,0,261,4128,1,0,0,27,0,1,4,1600000,200000,78964
0,0,0,0,0,0,1,3,1,2013-11-17T03:01:22.329+0100,85,1,0,0,0,1,0,0,0,9,7,2,1,0,0,211,4092,1,0,0,27,0,1,4,1600000,200000,78964
0,0,0,0,0,0,1,4,0,2013-11-17T04:00:56.250+0100,82,1,0,0,0,1,0,0,0,9,7,2,1,0,0,208,4062,1,0,0,27,0,1,4,1600000,200000,78964
0,0,0,0,0,0,1,5,0,2013-11-17T05:00:17.081+0100,77,1,0,0,0,1,0,0,0,9,7,2,1,0,0,288,4011,1,0,0,27,0,1,4,1600000,200000,78964
0,0,0,0,0,0,1,6,1,2013-11-17T06:01:58.388+0100,68,1,0,0,0,1,0,0,0,9,7,2,1,0,0,233,3948,1,0,0,27,0,0,4,1600000,200000,78964
0,0,0,0,0,0,1,7,0,2013-11-17T07:00:25.608+0100,64,1,0,0,0,1,0,0,0,9,7,2,1,0,0,295,3907,1,0,0,27,0,1,4,1600000,200000,78964
0,0,0,0,0,0,1,8,0,2013-11-17T08:00:25.414+0100,59,1,0,0,0,1,0,0,0,9,7,2,1,0,0,207,3866,1,0,0,27,0,1,4,1600000,200000,78964
0,0,0,0,0,0,1,9,2,2013-11-17T09:02:31.443+0100,93,1,0,0,0,1,0,0,0,9,7,2,1,0,0,215,4336,0,1,0,27,0,0,4,1600000,200000,78964
0,0,0,0,0,0,1,10,0,2013-11-17T10:00:18.109+0100,97,1,0,0,0,1,0,0,0,9,7,2,1,0,0,241,4211,1,0,0,27,0,1,4,1600000,200000,78964
0,0,0,0,0,0,1,11,0,2013-11-17T11:00:26.519+0100,86,1,0,0,0,1,0,0,7,13,3,2,1,0,0,297,4092,1,0,0,27,0,1,4,1600000,200000,78964
0,0,0,0,0,0,1,12,2,2013-11-17T12:02:50.392+0100,79,1,0,0,0,1,0,0,0,9,7,2,1,0,0,261,4040,1,0,0,27,0,0,4,1600000,200000,78964
0,0,0,0,0,0,1,13,3,2013-11-17T13:03:02.262+0100,78,1,0,0,0,1,0,0,0,9,7,2,1,0,0,218,4021,1,0,0,27,0,0,4,1600000,200000,78964
0,0,0,0,0,0,1,14,0,2013-11-17T14:00:35.780+0100,71,1,0,0,0,1,0,0,0,9,7,2,1,0,0,313,3933,1,0,0,27,0,1,4,1600000,200000,78964
0,0,0,0,0,0,1,15,0,2013-11-17T15:00:27.419+0100,65,1,0,0,0,1,0,0,0,9,7,2,1,0,0,309,3831,1,0,0,27,0,1,4,1600000,200000,78964
0,0,0,0,0,0,1,16,0,2013-11-17T16:00:30.422+0100,56,1,0,0,0,1,0,0,0,9,7,2,1,0,0,266,3835,1,0,0,27,0,0,4,1600000,200000,78964
0,0,0,0,0,0,1,17,3,2013-11-17T17:03:18.272+0100,52,1,0,0,0,1,0,0,0,9,7,2,1,0,0,216,3805,1,0,0,27,0,0,4,1600000,200000,78964
0,0,0,0,0,0,1,18,3,2013-11-17T18:03:18.234+0100,49,1,0,0,0,1,0,0,0,9,7,2,1,0,0,212,3794,1,0,0,27,0,0,4,1600000,200000,78964
0,0,0,0,0,0,1,19,3,2013-11-17T19:03:00.585+0100,76,1,0,0,0,1,0,0,0,9,7,2,1,0,0,291,4327,0,1,0,27,0,0,4,1600000,200000,78964
0,0,0,0,0,0,1,20,0,2013-11-17T20:00:23.960+0100,92,1,0,0,0,1,0,0,0,9,7,2,1,0,0,297,4149,1,0,0,27,0,1,4,1600000,200000,78964
0,0,0,0,0,0,1,21,0,2013-11-17T21:00:05.965+0100,82,1,0,0,0,1,0,0,0,9,7,2,1,0,0,310,4057,1,0,0,27,0,1,4,1600000,200000,78964
0,0,0,0,0,0,1,22,1,2013-11-17T22:01:08.509+0100,76,1,0,0,0,1,0,0,0,11,12,2,1,0,0,277,4011,1,0,0,27,0,0,4,1600000,200000,500708
0,0,0,0,0,0,1,23,0,2013-11-17T23:00:35.050+0100,74,1,0,0,0,1,0,0,0,11,12,2,1,0,0,234,3988,1,0,0,27,0,0,4,1600000,200000,500708
1,0,0,0,0,0,0,0,0,2013-11-18T00:00:50.266+0100,72,1,0,0,0,1,0,0,0,11,12,2,1,0,0,229,3973,1,0,0,27,0,0,4,1600000,200000,500708
1,0,0,0,0,0,0,1,1,2013-11-18T01:01:05.173+0100,70,1,0,0,0,1,0,0,0,11,12,2,1,0,0,227,3961,1,0,0,27,0,0,4,1600000,200000,500708
1,0,0,0,0,0,0,2,1,2013-11-18T02:01:08.560+0100,67,1,0,0,0,1,0,0,0,11,8,2,1,0,0,252,3902,1,0,0,27,0,1,4,1600000,200000,500708
1,0,0,0,0,0,0,3,1,2013-11-18T03:01:08.900+0100,66,1,0,0,0,1,0,0,0,11,8,2,1,0,0,229,3934,1,0,0,27,0,0,4,1600000,200000,500708
1,0,0,0,0,0,0,4,1,2013-11-18T04:01:08.569+0100,65,1,0,0,0,1,0,0,0,11,8,2,1,0,0,225,3923,1,0,0,27,0,0,4,1600000,200000,500708
1,0,0,0,0,0,0,5,0,2013-11-18T05:00:51.731+0100,64,1,0,0,0,1,0,0,0,11,8,2,1,0,0,219,3910,1,0,0,27,0,0,4,1600000,200000,500708
1,0,0,0,0,0,0,6,0,2013-11-18T06:00:02.644+0100,56,1,0,0,0,1,0,0,0,11,8,2,1,0,0,248,3803,1,0,0,27,0,1,4,1600000,200000,500708
1,0,0,0,0,0,0,7,0,2013-11-18T07:00:56.361+0100,46,1,0,0,0,1,0,0,7,13,3,2,1,0,0,272,3788,1,0,0,27,0,1,4,1600000,200000,500708
1,0,0,0,0,0,0,8,1,2013-11-18T08:01:03.630+0100,41,1,0,0,0,1,0,0,0,11,8,2,1,0,0,226,3772,1,0,0,27,0,0,4,1600000,200000,500708
1,0,0,0,0,0,0,9,0,2013-11-18T09:00:26.367+0100,34,1,0,0,0,1,0,0,0,11,8,2,1,0,0,290,3731,1,0,0,27,0,1,4,1600000,200000,500708
1,0,0,0,0,0,0,10,0,2013-11-18T10:00:53.936+0100,32,1,0,0,0,1,0,0,0,11,8,2,1,0,0,219,3744,1,0,0,27,0,0,4,1600000,200000,500708
1,0,0,0,0,0,0,11,1,2013-11-18T11:01:08.640+0100,31,1,0,0,0,1,0,0,0,11,8,2,1,0,0,213,3735,1,0,0,27,0,0,4,1600000,200000,500708
1,0,0,0,0,0,0,12,1,2013-11-18T12:01:08.951+0100,29,1,0,0,0,1,0,0,0,11,8,2,1,0,0,218,3738,1,0,0,27,0,0,4,1600000,200000,500708
1,0,0,0,0,0,0,13,0,2013-11-18T13:00:58.907+0100,26,1,0,0,0,1,0,0,0,11,8,2,1,0,0,200,3731,1,0,0,27,0,0,4,1600000,200000,500708
1,0,0,0,0,0,0,14,1,2013-11-18T14:01:08.949+0100,24,1,0,0,0,1,0,0,0,11,8,2,1,0,0,198,3731,1,0,0,27,0,0,4,1600000,200000,500708
1,0,0,0,0,0,0,15,1,2013-11-18T15:01:08.785+0100,22,1,0,0,0,1,0,0,0,11,8,2,1,0,0,190,3715,1,0,0,27,0,0,4,1600000,200000,500708
1,0,0,0,0,0,0,16,0,2013-11-18T16:00:59.354+0100,20,1,0,0,0,1,0,0,0,11,8,2,1,0,0,184,3721,1,0,0,27,0,0,4,1600000,200000,500708
1,0,0,0,0,0,0,17,1,2013-11-18T17:01:08.754+0100,21,0,0,0,0,0,0,0,0,11,8,2,1,0,0,269,4056,0,1,0,27,0,0,4,1600000,200000,500708
1,0,0,0,0,0,0,18,1,2013-11-18T18:01:08.817+0100,78,0,0,0,0,0,0,0,0,11,8,2,1,0,0,267,4331,0,1,0,27,0,0,4,1600000,200000,500708
1,0,0,0,0,0,0,19,0,2013-11-18T19:00:01.164+0100,100,0,0,0,0,0,0,0,0,11,8,2,1,0,0,203,4335,0,1,0,27,0,0,4,1600000,200000,500708
1,0,0,0,0,0,0,20,0,2013-11-18T20:00:16.050+0100,93,1,0,0,0,1,0,0,0,11,8,2,1,0,0,314,4170,1,0,0,27,0,1,4,1600000,200000,500708
1,0,0,0,0,0,0,21,0,2013-11-18T21:00:05.737+0100,84,1,0,0,0,1,0,0,0,11,8,2,1,0,0,325,4063,1,0,0,27,0,0,4,1600000,200000,500708
1,0,0,0,0,0,0,22,1,2013-11-18T22:01:08.754+0100,80,1,0,0,0,1,0,0,0,11,8,2,1,0,0,239,4051,1,0,0,27,0,0,4,1600000,200000,500708
1,0,0,0,0,0,0,23,1,2013-11-18T23:01:08.583+0100,74,1,0,0,0,1,0,0,0,11,8,2,1,0,0,319,3950,1,0,0,27,0,1,4,1600000,200000,500708
0,1,0,0,0,0,0,0,1,2013-11-19T00:01:08.568+0100,63,1,0,0,0,1,0,0,0,11,8,2,1,0,0,251,3898,1,0,0,27,0,0,4,1600000,200000,500708
0,1,0,0,0,0,0,1,0,2013-11-19T01:00:07.601+0100,56,1,0,0,0,1,0,0,0,11,8,2,1,0,0,234,3829,1,0,0,27,0,1,4,1600000,200000,500708
0,1,0,0,0,0,0,2,0,2013-11-19T02:00:11.107+0100,49,1,0,0,0,1,0,0,0,11,8,2,1,0,0,222,3790,1,0,0,27,0,1,4,1600000,200000,500708
0,1,0,0,0,0,0,3,0,2013-11-19T03:00:00.118+0100,62,0,0,0,0,0,0,0,0,11,8,2,1,0,0,265,4225,0,1,0,27,0,1,4,1600000,200000,500708
0,1,0,0,0,0,0,4,0,2013-11-19T04:00:12.179+0100,97,0,0,0,0,0,0,0,0,11,8,2,1,0,0,220,4334,0,1,0,27,0,1,4,1600000,200000,500708
0,1,0,0,0,0,0,5,0,2013-11-19T05:00:07.639+0100,97,1,0,0,0,1,0,0,0,11,8,2,1,0,0,279,4185,1,0,0,27,0,1,4,1600000,200000,500708
0,1,0,0,0,0,0,6,0,2013-11-19T06:00:08.431+0100,89,1,0,0,0,1,0,0,0,11,8,2,1,0,0,261,4136,1,0,0,27,0,1,4,1600000,200000,500708
0,1,0,0,0,0,0,7,0,2013-11-19T07:00:47.794+0100,80,1,0,0,0,1,0,0,0,11,8,2,1,0,0,254,4056,1,0,0,27,0,1,4,1600000,200000,500708
0,1,0,0,0,0,0,8,0,2013-11-19T08:00:14.309+0100,69,1,0,0,0,1,0,0,7,13,5,2,1,0,0,301,3923,1,0,0,27,0,1,4,1600000,200000,500708
0,1,0,0,0,0,0,9,0,2013-11-19T09:00:08.936+0100,63,1,0,0,0,1,0,0,0,11,8,2,1,0,0,281,3907,1,0,0,27,0,1,4,1600000,200000,500708
0,1,0,0,0,0,0,10,1,2013-11-19T10:01:08.934+0100,56,1,0,0,0,1,0,0,0,11,8,2,1,0,0,204,3841,1,0,0,27,0,0,4,1600000,200000,500708
0,1,0,0,0,0,0,11,1,2013-11-19T11:01:08.990+0100,54,1,0,0,0,1,0,0,0,11,8,2,1,0,0,187,3830,1,0,0,27,0,0,4,1600000,200000,500708
0,1,0,0,0,0,0,12,1,2013-11-19T12:01:09.638+0100,53,1,0,0,0,1,0,0,0,11,8,2,1,0,0,173,3821,1,0,0,27,0,0,4,1600000,200000,500708
0,1,0,0,0,0,0,13,0,2013-11-19T13:00:09.048+0100,51,1,0,0,0,1,0,0,0,11,8,2,1,0,0,180,3811,1,0,0,27,0,0,4,1600000,200000,500708
0,1,0,0,0,0,0,14,0,2013-11-19T14:00:48.730+0100,50,1,0,0,0,1,0,0,0,11,8,2,1,0,0,177,3803,1,0,0,27,0,0,4,1600000,200000,500708
0,1,0,0,0,0,0,15,1,2013-11-19T15:01:08.968+0100,49,1,0,0,0,1,0,0,0,11,8,2,1,0,0,174,3804,1,0,0,27,0,0,4,1600000,200000,500708
0,1,0,0,0,0,0,16,1,2013-11-19T16:01:08.940+0100,65,0,0,0,0,0,0,0,0,11,8,2,1,0,0,232,4255,0,1,0,27,0,0,4,1600000,200000,500708
0,1,0,0,0,0,0,17,0,2013-11-19T17:00:08.536+0100,97,0,0,0,0,0,0,0,0,11,8,2,1,0,0,186,4335,0,1,0,27,0,0,4,1600000,200000,500708
0,1,0,0,0,0,0,18,1,2013-11-19T18:01:08.570+0100,97,1,0,0,0,1,0,0,0,11,8,2,1,0,0,289,4197,1,0,0,27,0,1,4,1600000,200000,500708
0,1,0,0,0,0,0,19,1,2013-11-19T19:01:08.830+0100,87,1,0,0,0,1,0,0,0,11,8,2,1,0,0,294,4118,1,0,0,27,0,0,4,1600000,200000,500708
0,1,0,0,0,0,0,20,1,2013-11-19T20:01:08.861+0100,82,1,0,0,0,1,0,0,0,11,8,2,1,0,0,289,4069,1,0,0,27,0,0,4,1600000,200000,500708
0,1,0,0,0,0,0,21,0,2013-11-19T21:00:36.295+0100,73,1,0,0,0,1,0,0,0,11,8,2,1,0,0,328,3920,1,0,0,27,0,1,4,1600000,200000,500708
0,1,0,0,0,0,0,22,0,2013-11-19T22:00:18.819+0100,62,1,0,0,0,1,0,0,0,11,8,2,1,0,0,313,3856,1,0,0,27,0,1,4,1600000,200000,500708
0,1,0,0,0,0,0,23,1,2013-11-19T23:01:08.549+0100,55,1,0,0,0,1,0,0,0,11,8,2,1,0,0,291,3821,1,0,0,27,0,0,4,1600000,200000,500708
0,0,1,0,0,0,0,0,1,2013-11-20T00:01:09.336+0100,50,1,0,0,0,1,0,0,0,11,8,2,1,0,0,252,3801,1,0,0,27,0,0,4,1600000,200000,500708
0,0,1,0,0,0,0,1,1,2013-11-20T01:01:08.979+0100,79,0,0,0,0,0,0,0,0,11,8,2,1,0,0,244,4333,0,1,0,27,0,0,4,1600000,200000,500708
0,0,1,0,0,0,0,2,1,2013-11-20T02:01:09.064+0100,99,0,0,0,0,0,0,0,0,11,8,2,1,0,0,196,4335,0,1,0,27,0,0,4,1600000,200000,500708
0,0,1,0,0,0,0,3,0,2013-11-20T03:00:01.505+0100,98,1,0,0,0,1,0,0,0,11,8,2,1,0,0,274,4203,1,0,0,27,0,1,4,1600000,200000,500708
0,0,1,0,0,0,0,4,1,2013-11-20T04:01:09.195+0100,88,1,0,0,0,1,0,0,0,11,8,2,1,0,0,190,4145,1,0,0,27,0,0,4,1600000,200000,500708
0,0,1,0,0,0,0,5,0,2013-11-20T05:00:11.719+0100,85,1,0,0,0,1,0,0,0,11,8,2,1,0,0,229,4041,1,0,0,27,0,1,4,1600000,200000,500708
0,0,1,0,0,0,0,6,0,2013-11-20T06:00:11.572+0100,78,1,0,0,0,1,0,0,0,11,8,2,1,0,0,242,4019,1,0,0,27,0,1,4,1600000,200000,656292
0,0,1,0,0,0,0,7,0,2013-11-20T07:00:59.917+0100,70,1,0,0,0,1,0,0,0,11,8,2,1,0,0,278,4243,0,1,0,27,0,0,4,1600000,200000,656292
0,0,1,0,0,0,0,8,0,2013-11-20T08:00:18.952+0100,100,1,0,0,0,1,0,0,0,11,8,2,1,0,0,230,4223,1,0,0,27,0,1,4,1600000,200000,656292
0,0,1,0,0,0,0,9,1,2013-11-20T09:01:00.265+0100,93,0,0,1,0,0,0,0,0,0,8,0,0,1,0,278,4109,1,0,0,27,0,0,4,1600000,200000,656292
0,0,1,0,0,0,0,10,0,2013-11-20T10:00:59.921+0100,86,0,0,0,0,0,0,0,0,0,8,0,0,1,0,292,4093,1,0,0,27,0,0,4,1600000,200000,656292
0,0,1,0,0,0,0,11,1,2013-11-20T11:01:00.252+0100,83,0,0,1,0,0,0,0,0,11,8,0,0,0,1,265,4058,1,0,0,27,1,0,4,1600000,200000,656292
0,0,1,0,0,0,0,12,0,2013-11-20T12:00:59.917+0100,81,0,0,1,0,0,0,0,0,11,8,0,0,0,1,289,4040,1,0,0,27,1,0,4,1600000,200000,656292
0,0,1,0,0,0,0,13,0,2013-11-20T13:00:10.888+0100,76,1,0,0,0,1,0,0,0,11,8,2,1,0,0,310,3906,1,0,0,27,1,1,4,1600000,200000,656292
0,0,1,0,0,0,0,14,0,2013-11-20T14:00:21.445+0100,67,1,0,0,0,1,0,0,0,11,8,2,1,0,0,247,3901,1,0,0,27,1,0,4,1600000,200000,656292
0,0,1,0,0,0,0,15,0,2013-11-20T15:00:21.443+0100,54,1,0,0,0,1,0,0,0,11,8,2,1,0,0,328,3733,1,0,0,27,1,1,4,1600000,200000,656292
0,0,1,0,0,0,0,16,1,2013-11-20T16:01:00.025+0100,44,1,0,0,0,1,0,0,0,11,8,2,1,0,0,280,3768,1,0,0,27,1,0,4,1600000,200000,656292
0,0,1,0,0,0,0,17,1,2013-11-20T17:01:00.166+0100,41,1,0,0,0,1,0,0,0,11,8,2,1,0,0,278,3756,1,0,0,27,1,0,4,1600000,200000,656292
0,0,1,0,0,0,0,18,0,2013-11-20T18:00:48.983+0100,37,1,0,0,0,1,0,0,7,3,7,5,1,0,0,313,3721,1,0,0,27,1,0,4,1600000,200000,656292
0,0,1,0,0,0,0,19,0,2013-11-20T19:00:59.938+0100,23,1,0,0,0,1,0,0,0,11,8,2,1,0,0,342,3624,0,1,0,27,1,0,4,1600000,200000,656292
0,0,1,0,0,0,0,20,1,2013-11-20T20:01:00.399+0100,77,1,0,0,0,1,0,0,0,11,8,2,1,0,0,256,4299,0,1,0,27,1,0,4,1600000,200000,656292
0,0,1,0,0,0,0,21,0,2013-11-20T21:00:12.674+0100,100,1,0,0,0,1,0,0,0,11,8,2,1,0,0,245,4221,1,0,0,27,1,1,4,1600000,200000,656292
0,0,1,0,0,0,0,22,0,2013-11-20T22:00:07.420+0100,90,1,0,0,0,1,0,0,0,11,8,2,1,0,0,309,4095,1,0,0,27,1,1,4,1600000,200000,656292
0,0,1,0,0,0,0,23,0,2013-11-20T23:00:46.032+0100,85,1,0,0,0,1,0,0,0,11,8,2,1,0,0,230,4071,1,0,0,27,1,0,4,1600000,200000,656292
0,0,0,1,0,0,0,0,0,2013-11-21T00:00:11.865+0100,79,1,0,0,0,1,0,0,0,11,8,2,1,0,0,293,3956,1,0,0,27,1,1,4,1600000,200000,656292
0,0,0,1,0,0,0,1,0,2013-11-21T01:00:59.975+0100,73,1,0,0,0,1,0,0,0,11,8,2,1,0,0,235,3951,1,0,0,27,1,0,4,1600000,200000,656292
0,0,0,1,0,0,0,2,0,2013-11-21T02:00:59.977+0100,70,1,0,0,0,1,0,0,0,11,8,2,1,0,0,234,3935,1,0,0,27,1,0,4,1600000,200000,656292
0,0,0,1,0,0,0,3,0,2013-11-21T03:00:40.936+0100,68,1,0,0,0,1,0,0,0,11,8,2,1,0,0,230,3921,1,0,0,27,1,0,4,1600000,200000,656292
0,0,0,1,0,0,0,4,1,2013-11-21T04:01:00.153+0100,61,0,0,0,0,0,0,0,0,11,8,2,1,0,0,263,4200,0,1,0,27,1,0,4,1600000,200000,656292
0,0,0,1,0,0,0,5,1,2013-11-21T05:01:00.339+0100,99,0,0,0,0,0,0,0,0,11,8,2,1,0,0,215,4336,0,1,0,27,1,0,4,1600000,200000,656292
0,0,0,1,0,0,0,6,0,2013-11-21T06:00:59.967+0100,100,0,0,0,0,0,0,0,0,11,8,2,1,0,0,198,4335,0,1,0,27,1,0,4,1600000,200000,656292
0,0,0,1,0,0,0,7,1,2013-11-21T07:01:00.182+0100,100,0,0,0,0,0,0,0,0,11,8,2,1,0,0,181,4310,0,1,0,27,1,0,4,1600000,200000,656292
0,0,0,1,0,0,0,8,1,2013-11-21T08:01:00.082+0100,100,0,0,0,0,0,0,0,0,11,8,2,1,0,0,184,4307,0,1,0,27,1,0,4,1600000,200000,656292
0,0,0,1,0,0,0,9,0,2013-11-21T09:00:59.951+0100,100,0,0,0,0,0,0,0,0,11,8,2,1,0,0,183,4308,0,1,0,27,1,0,4,1600000,200000,656292
0,0,0,1,0,0,0,10,0,2013-11-21T10:00:01.172+0100,96,1,0,0,0,1,0,0,0,11,8,2,1,0,0,297,4207,1,0,0,27,1,1,4,1600000,200000,656292
0,0,0,1,0,0,0,11,1,2013-11-21T11:01:00.587+0100,88,1,0,0,0,1,0,0,0,11,8,2,1,0,0,226,4130,1,0,0,27,1,0,4,1600000,200000,656292
0,0,0,1,0,0,0,12,1,2013-11-21T12:01:00.446+0100,83,1,0,0,0,1,0,0,0,11,8,2,1,0,0,227,4071,1,0,0,27,1,0,4,1600000,200000,656292
0,0,0,1,0,0,0,13,0,2013-11-21T13:00:24.138+0100,79,1,0,0,0,1,0,0,0,11,8,2,1,0,0,223,4044,1,0,0,27,1,1,4,1600000,200000,656292
0,0,0,1,0,0,0,14,0,2013-11-21T14:00:59.976+0100,76,1,0,0,0,1,0,0,0,11,8,2,1,0,0,217,4014,1,0,0,27,1,1,4,1600000,200000,656292
0,0,0,1,0,0,0,15,0,2013-11-21T15:00:24.841+0100,71,1,0,0,0,1,0,0,0,11,8,2,1,0,0,219,3962,1,0,0,27,1,1,4,1600000,200000,656292
0,0,0,1,0,0,0,16,0,2013-11-21T16:00:17.957+0100,68,1,0,0,0,1,0,0,0,11,8,2,1,0,0,206,3940,1,0,0,27,1,1,4,1600000,200000,656292
0,0,0,1,0,0,0,17,0,2013-11-21T17:00:15.457+0100,66,1,0,0,0,1,0,0,0,11,8,2,1,0,0,219,3921,1,0,0,27,1,0,4,1600000,200000,656292
0,0,0,1,0,0,0,18,0,2013-11-21T18:00:39.452+0100,65,1,0,0,0,1,0,0,0,11,8,2,1,0,0,219,3922,1,0,0,27,1,0,4,1600000,200000,656292
0,0,0,1,0,0,0,19,0,2013-11-21T19:00:22.112+0100,61,1,0,0,0,1,0,0,0,11,8,2,1,0,0,261,3870,1,0,0,27,1,1,4,1600000,200000,656292
0,0,0,1,0,0,0,20,0,2013-11-21T20:00:06.522+0100,49,1,0,0,0,1,0,0,0,11,4,2,1,0,0,278,3790,1,0,0,27,1,1,4,1600000,200000,656292
0,0,0,1,0,0,0,21,1,2013-11-21T21:01:00.299+0100,43,1,0,0,0,1,0,0,0,11,4,2,1,0,0,236,3780,1,0,0,27,1,0,4,1600000,200000,656292
0,0,0,1,0,0,0,22,0,2013-11-21T22:00:06.477+0100,36,1,0,0,0,1,0,0,0,11,4,2,1,0,0,292,3756,1,0,0,27,1,1,4,1600000,200000,786556
0,0,0,1,0,0,0,23,0,2013-11-21T23:00:09.661+0100,31,1,0,0,0,1,0,0,0,11,4,2,1,0,0,301,3671,1,0,0,27,1,1,4,1600000,200000,786556
0,0,0,0,1,0,0,0,2,2013-11-22T00:02:39.181+0100,62,1,0,0,0,1,0,0,0,11,4,2,1,0,0,316,4189,0,1,0,27,1,0,4,1600000,200000,786556
0,0,0,0,1,0,0,1,0,2013-11-22T01:00:41.778+0100,97,1,0,0,0,1,0,0,0,11,4,2,1,0,0,240,4335,0,1,0,27,1,0,4,1600000,200000,242800
0,0,0,0,1,0,0,2,0,2013-11-22T02:00:41.987+0100,100,1,0,0,0,1,0,0,0,11,4,2,1,0,0,204,4335,0,1,0,27,1,0,4,1600000,200000,242800
0,0,0,0,1,0,0,3,0,2013-11-22T03:00:42.766+0100,100,1,0,0,0,1,0,0,0,11,4,2,1,0,0,193,4311,0,1,0,27,1,0,4,1600000,200000,242800
0,0,0,0,1,0,0,4,0,2013-11-22T04:00:11.508+0100,92,1,0,0,0,1,0,0,0,11,4,2,1,0,0,264,4122,1,0,0,27,0,1,4,1600000,200000,242800
0,0,0,0,1,0,0,5,0,2013-11-22T05:00:41.798+0100,88,1,0,0,0,1,0,0,0,11,4,2,1,0,0,240,4133,1,0,0,27,0,1,4,1600000,200000,242800
0,0,0,0,1,0,0,6,0,2013-11-22T06:00:42.137+0100,83,1,0,0,0,1,0,0,0,11,4,2,1,0,0,192,4088,1,0,0,27,0,0,4,1600000,200000,242800
0,0,0,0,1,0,0,7,0,2013-11-22T07:00:41.793+0100,81,1,0,0,0,1,0,0,0,11,4,2,1,0,0,194,4066,1,0,0,27,0,0,4,1600000,200000,242800
0,0,0,0,1,0,0,8,0,2013-11-22T08:00:41.837+0100,80,1,0,0,0,1,0,0,0,11,4,2,1,0,0,178,4051,1,0,0,27,0,0,4,1600000,200000,242800
0,0,0,0,1,0,0,9,0,2013-11-22T09:00:41.921+0100,77,1,0,0,0,1,0,0,0,11,4,2,1,0,0,225,4036,1,0,0,27,0,0,4,1600000,200000,242800
0,0,0,0,1,0,0,10,0,2013-11-22T10:00:00.347+0100,69,1,0,0,0,1,0,0,0,11,4,2,1,0,0,259,3943,1,0,0,27,0,1,4,1600000,200000,242800
0,0,0,0,1,0,0,11,0,2013-11-22T11:00:41.809+0100,68,1,0,0,0,1,0,0,0,11,4,2,1,0,0,239,4267,0,1,0,27,0,0,4,1600000,200000,242800
0,0,0,0,1,0,0,12,0,2013-11-22T12:00:41.774+0100,90,1,0,0,0,1,0,0,0,11,4,2,1,0,0,305,4140,1,0,0,27,0,1,4,1600000,200000,242800
0,0,0,0,1,0,0,13,0,2013-11-22T13:00:33.066+0100,80,1,0,0,0,1,0,0,0,11,4,2,1,0,0,245,4059,1,0,0,27,0,1,4,1600000,200000,242800
0,0,0,0,1,0,0,14,0,2013-11-22T14:00:05.317+0100,75,1,0,0,0,1,0,0,0,11,4,2,1,0,0,236,4010,1,0,0,27,0,1,4,1600000,200000,242800
0,0,0,0,1,0,0,15,0,2013-11-22T15:00:41.853+0100,69,1,0,0,0,1,0,0,0,11,4,2,1,0,0,246,3956,1,0,0,27,0,0,4,1600000,200000,242800
0,0,0,0,1,0,0,16,0,2013-11-22T16:00:30.745+0100,63,1,0,0,0,1,0,0,7,3,7,5,1,0,0,305,3879,1,0,0,27,0,1,4,1600000,200000,242800
0,0,0,0,1,0,0,17,0,2013-11-22T17:00:42.088+0100,57,1,0,0,0,1,0,0,0,11,4,2,1,0,0,271,3853,1,0,0,27,0,0,4,1600000,200000,242800
0,0,0,0,1,0,0,18,0,2013-11-22T18:00:42.167+0100,55,1,0,0,0,1,0,0,0,11,4,2,1,0,0,245,3836,1,0,0,27,0,0,4,1600000,200000,242800
0,0,0,0,1,0,0,19,0,2013-11-22T19:00:42.190+0100,54,1,0,0,0,1,0,0,0,11,4,2,1,0,0,232,3828,1,0,0,27,0,0,4,1600000,200000,242800
0,0,0,0,1,0,0,20,0,2013-11-22T20:00:42.167+0100,53,1,0,0,0,1,0,0,0,11,4,2,1,0,0,233,3823,1,0,0,27,0,0,4,1600000,200000,242800
0,0,0,0,1,0,0,21,0,2013-11-22T21:00:41.806+0100,51,1,0,0,0,1,0,0,0,11,4,2,1,0,0,238,3813,1,0,0,27,0,0,4,1600000,200000,242800
0,0,0,0,1,0,0,22,0,2013-11-22T22:00:41.994+0100,50,1,0,0,0,1,0,0,0,11,4,2,1,0,0,185,3802,1,0,0,27,0,0,4,1600000,200000,242800
0,0,0,0,1,0,0,23,0,2013-11-22T23:00:42.242+0100,48,1,0,0,0,1,0,0,0,11,4,2,1,0,0,170,3796,1,0,0,27,0,0,4,1600000,200000,242800
0,0,0,0,0,1,0,0,0,2013-11-23T00:00:42.388+0100,47,1,0,0,0,1,0,0,0,11,4,2,1,0,0,176,3796,1,0,0,27,0,0,4,1600000,200000,242800
0,0,0,0,0,1,0,3,22,2013-11-23T03:22:08.420+0100,46,1,0,0,0,1,0,0,0,11,4,2,1,0,0,179,3790,1,0,0,27,0,0,4,1600000,200000,51064
0,0,0,0,0,1,0,4,30,2013-11-23T04:30:04.633+0100,46,1,0,0,0,1,0,0,0,11,4,2,1,0,0,179,3790,1,0,0,27,0,0,4,1600000,200000,150464
0,0,0,0,0,1,0,5,2,2013-11-23T05:02:04.448+0100,33,0,0,0,0,0,0,0,0,11,4,2,1,0,0,247,4086,0,1,0,27,0,0,4,1600000,200000,222660
0,0,0,0,0,1,0,6,2,2013-11-23T06:02:04.468+0100,86,0,0,0,0,0,0,0,0,11,4,2,1,0,0,232,4334,0,1,0,27,0,0,4,1600000,200000,222660
0,0,0,0,0,1,0,7,0,2013-11-23T07:00:45.984+0100,100,0,0,0,0,0,0,0,0,11,4,2,1,0,0,197,4336,0,1,0,27,0,0,4,1600000,200000,222660
0,0,0,0,0,1,0,8,0,2013-11-23T08:00:59.065+0100,100,1,0,0,0,1,0,0,0,11,4,2,1,0,0,197,4310,0,1,0,27,0,0,4,1600000,200000,222660
0,0,0,0,0,1,0,9,1,2013-11-23T09:01:08.757+0100,100,1,0,0,0,1,0,0,0,11,4,2,1,0,0,201,4307,0,1,0,27,0,0,4,1600000,200000,222660
0,0,0,0,0,1,0,10,1,2013-11-23T10:01:48.792+0100,98,1,0,0,0,1,0,0,0,11,4,2,1,0,0,229,4248,1,0,0,27,0,0,4,1600000,200000,222660
0,0,0,0,0,1,0,11,2,2013-11-23T11:02:03.889+0100,97,1,0,0,0,1,0,0,0,11,4,2,1,0,0,200,4235,1,0,0,27,0,0,4,1600000,200000,222660
0,0,0,0,0,1,0,12,1,2013-11-23T12:01:53.073+0100,91,1,0,0,0,1,0,0,0,11,4,2,1,0,0,241,4164,1,0,0,27,0,0,4,1600000,200000,222660
0,0,0,0,0,1,0,13,0,2013-11-23T13:00:02.830+0100,85,1,0,0,0,1,0,0,0,11,4,2,1,0,0,244,4103,1,0,0,27,0,1,4,1600000,200000,222660
0,0,0,0,0,1,0,14,0,2013-11-23T14:00:47.714+0100,80,1,0,0,0,1,0,0,0,11,4,2,1,0,0,279,4038,1,0,0,27,0,0,4,1600000,200000,222660
0,0,0,0,0,1,0,15,0,2013-11-23T15:00:53.689+0100,76,1,0,0,0,1,0,0,0,11,4,2,1,0,0,262,4022,1,0,0,27,0,0,4,1600000,200000,222660
0,0,0,0,0,1,0,16,1,2013-11-23T16:01:34.824+0100,71,1,0,0,0,1,0,0,0,11,4,2,1,0,0,274,3957,1,0,0,27,0,0,4,1600000,200000,222660
0,0,0,0,0,1,0,17,0,2013-11-23T17:00:18.422+0100,64,1,0,0,0,1,0,0,0,11,4,2,1,0,0,300,3917,1,0,0,27,0,1,4,1600000,200000,222660
0,0,0,0,0,1,0,18,0,2013-11-23T18:00:02.923+0100,57,1,0,0,0,1,0,0,0,11,4,2,1,0,0,305,3849,1,0,0,27,0,1,4,1600000,200000,222660
0,0,0,0,0,1,0,19,1,2013-11-23T19:01:08.802+0100,54,1,0,0,0,1,0,0,0,11,4,2,1,0,0,243,3825,1,0,0,27,0,0,4,1600000,200000,222660
0,0,0,0,0,1,0,20,1,2013-11-23T20:01:13.730+0100,52,1,0,0,0,1,0,0,0,11,4,2,1,0,0,238,3818,1,0,0,27,0,0,4,1600000,200000,222660
0,0,0,0,0,1,0,21,1,2013-11-23T21:01:49.872+0100,49,1,0,0,0,1,0,0,0,11,4,2,1,0,0,246,3805,1,0,0,27,0,0,4,1600000,200000,222660
0,0,0,0,0,1,0,22,1,2013-11-23T22:01:02.773+0100,43,1,0,0,0,1,0,0,0,11,4,2,1,0,0,325,3768,1,0,0,27,0,0,4,1600000,200000,222660
0,0,0,0,0,1,0,23,1,2013-11-23T23:01:16.757+0100,39,1,0,0,0,1,0,0,0,11,4,2,1,0,0,232,3769,1,0,0,27,0,0,4,1600000,200000,222660
0,0,0,0,0,0,1,0,0,2013-11-24T00:00:15.362+0100,39,0,0,0,1,0,0,0,0,11,4,2,1,0,0,186,3763,1,0,0,27,0,0,4,1600000,200000,222660
0,0,0,0,0,0,1,1,2,2013-11-24T01:02:04.806+0100,38,0,0,0,1,0,0,0,0,11,4,2,1,0,0,177,3764,1,0,0,27,0,0,4,1600000,200000,222660
0,0,0,0,0,0,1,2,2,2013-11-24T02:02:05.024+0100,38,0,0,0,1,0,0,0,0,11,4,2,1,0,0,177,3762,1,0,0,27,0,0,4,1600000,200000,222660
0,0,0,0,0,0,1,3,2,2013-11-24T03:02:04.448+0100,37,0,0,0,1,0,0,0,0,11,4,2,1,0,0,177,3758,1,0,0,27,0,0,4,1600000,200000,222660
0,0,0,0,0,0,1,4,2,2013-11-24T04:02:04.443+0100,36,0,0,0,1,0,0,0,0,11,4,2,1,0,0,174,3753,1,0,0,27,0,0,4,1600000,200000,222660
0,0,0,0,0,0,1,5,2,2013-11-24T05:02:04.504+0100,35,0,0,0,1,0,0,0,0,11,4,2,1,0,0,180,3722,1,0,0,27,0,0,4,1600000,200000,222660
0,0,0,0,0,0,1,6,2,2013-11-24T06:02:04.858+0100,34,0,0,0,1,0,0,0,0,11,4,2,1,0,0,180,3751,1,0,0,27,0,0,4,1600000,200000,222660
0,0,0,0,0,0,1,7,0,2013-11-24T07:00:12.605+0100,77,0,0,0,1,0,0,0,0,11,4,2,1,0,0,256,4331,0,1,0,27,0,0,4,1600000,200000,222660
0,0,0,0,0,0,1,8,0,2013-11-24T08:00:50.328+0100,99,1,0,0,0,1,0,0,0,11,4,2,1,0,0,200,4336,0,1,0,27,0,0,4,1600000,200000,222660
0,0,0,0,0,0,1,9,1,2013-11-24T09:01:10.767+0100,100,1,0,0,0,1,0,0,0,11,4,2,1,0,0,189,4313,0,1,0,27,0,0,4,1600000,200000,222660
0,0,0,0,0,0,1,10,1,2013-11-24T10:01:27.646+0100,100,1,0,0,0,1,0,0,0,11,4,2,1,0,0,183,4310,0,1,0,27,0,0,4,1600000,200000,222660
0,0,0,0,0,0,1,11,1,2013-11-24T11:01:49.729+0100,100,1,0,0,0,1,0,0,0,11,4,2,1,0,0,166,4308,0,1,0,27,0,0,4,1600000,200000,222660
0,0,0,0,0,0,1,12,0,2013-11-24T12:00:01.276+0100,99,1,0,0,0,1,0,0,0,11,4,2,1,0,0,240,4190,1,0,0,27,0,1,4,1600000,200000,222660
0,0,0,0,0,0,1,13,0,2013-11-24T13:00:01.463+0100,91,1,0,0,0,1,0,0,0,11,4,2,1,0,0,256,4116,1,0,0,27,0,1,4,1600000,200000,222660
0,0,0,0,0,0,1,14,0,2013-11-24T14:00:00.311+0100,83,1,0,0,0,1,0,0,0,11,4,2,1,0,0,307,4074,1,0,0,27,0,1,4,1600000,200000,64424
0,0,0,0,0,0,1,15,3,2013-11-24T15:03:05.173+0100,79,1,0,0,0,1,0,0,0,11,4,2,1,0,0,281,4040,1,0,0,27,0,0,4,1600000,200000,64424
0,0,0,0,0,0,1,16,3,2013-11-24T16:03:06.023+0100,74,0,0,1,0,0,0,0,0,11,4,2,1,0,0,273,3996,1,0,0,27,0,0,4,1600000,200000,64424
0,0,0,0,0,0,1,17,1,2013-11-24T17:01:14.137+0100,69,0,0,1,0,0,0,0,0,11,4,2,1,0,0,290,3952,1,0,0,27,0,0,4,1600000,200000,64424
0,0,0,0,0,0,1,18,0,2013-11-24T18:00:07.523+0100,62,1,0,0,0,1,0,0,0,11,4,2,1,0,0,320,3890,1,0,0,27,0,1,4,1600000,200000,64424
0,0,0,0,0,0,1,19,0,2013-11-24T19:00:19.835+0100,54,1,0,0,0,1,0,0,0,11,4,2,1,0,0,312,3819,1,0,0,27,0,1,4,1600000,200000,64424
0,0,0,0,0,0,1,20,0,2013-11-24T20:00:09.010+0100,50,1,0,0,0,1,0,0,0,11,4,2,1,0,0,257,3812,1,0,0,27,0,1,4,1600000,200000,64424
0,0,0,0,0,0,1,21,3,2013-11-24T21:03:02.257+0100,47,1,0,0,0,1,0,0,0,11,4,2,1,0,0,242,3798,1,0,0,27,0,0,4,1600000,200000,64424
0,0,0,0,0,0,1,22,2,2013-11-24T22:02:45.342+0100,40,1,0,0,0,1,0,0,0,11,8,2,1,0,0,344,3740,1,0,0,27,0,0,4,1600000,200000,64424
0,0,0,0,0,0,1,23,0,2013-11-24T23:00:00.072+0100,37,1,0,0,0,1,0,0,0,11,8,2,1,0,0,252,3761,1,0,0,27,0,1,4,1600000,200000,64424
1,0,0,0,0,0,0,0,0,2013-11-25T00:00:08.332+0100,40,0,0,0,0,0,0,0,0,11,8,2,1,0,0,243,4103,0,1,0,27,0,0,4,1600000,200000,182932
1,0,0,0,0,0,0,1,2,2013-11-25T01:02:44.319+0100,89,0,0,0,0,0,0,0,0,11,8,2,1,0,0,232,4334,0,1,0,27,0,0,4,1600000,200000,182932
1,0,0,0,0,0,0,2,2,2013-11-25T02:02:44.384+0100,100,0,0,0,0,0,0,0,0,11,8,2,1,0,0,188,4335,0,1,0,27,0,0,4,1600000,200000,182932
1,0,0,0,0,0,0,3,2,2013-11-25T03:02:44.560+0100,100,0,0,0,0,0,0,0,0,11,8,2,1,0,0,182,4310,0,1,0,27,0,0,4,1600000,200000,182932
1,0,0,0,0,0,0,4,2,2013-11-25T04:02:44.439+0100,100,0,0,0,0,0,0,0,0,11,8,2,1,0,0,185,4308,0,1,0,27,0,0,4,1600000,200000,182932
1,0,0,0,0,0,0,5,2,2013-11-25T05:02:44.262+0100,100,0,0,0,0,0,0,0,0,11,8,2,1,0,0,179,4308,0,1,0,27,0,0,4,1600000,200000,182932
1,0,0,0,0,0,0,6,0,2013-11-25T06:00:03.717+0100,99,1,0,0,0,1,0,0,0,11,8,2,1,0,0,247,4191,1,0,0,27,0,1,4,1600000,200000,182932
1,0,0,0,0,0,0,7,0,2013-11-25T07:00:00.563+0100,91,1,0,0,0,1,0,0,0,11,2,2,1,0,0,230,4154,1,0,0,27,0,1,4,1600000,200000,182932
1,0,0,0,0,0,0,8,2,2013-11-25T08:02:36.329+0100,93,1,0,0,0,1,0,0,0,11,2,2,1,0,0,209,4335,0,1,0,27,0,0,4,1600000,200000,182932
1,0,0,0,0,0,0,9,0,2013-11-25T09:00:20.887+0100,99,1,0,0,0,1,0,0,0,11,2,2,1,0,0,245,4233,1,0,0,27,0,1,4,1600000,200000,182932
1,0,0,0,0,0,0,10,0,2013-11-25T10:00:03.230+0100,95,1,0,0,0,1,0,0,0,11,2,2,1,0,0,232,4214,1,0,0,27,0,1,4,1600000,200000,182932
1,0,0,0,0,0,0,11,0,2013-11-25T11:00:57.432+0100,90,1,0,0,0,1,0,0,0,11,2,2,1,0,0,239,4156,1,0,0,27,0,1,4,1600000,200000,182932
1,0,0,0,0,0,0,12,1,2013-11-25T12:01:51.662+0100,87,1,0,0,0,1,0,0,0,11,2,2,1,0,0,218,4109,1,0,0,27,0,1,4,1600000,200000,182932
1,0,0,0,0,0,0,13,2,2013-11-25T13:02:43.977+0100,85,1,0,0,0,1,0,0,0,11,2,2,1,0,0,214,4101,1,0,0,27,0,0,4,1600000,200000,182932
1,0,0,0,0,0,0,14,2,2013-11-25T14:02:44.240+0100,82,1,0,0,0,1,0,0,0,11,2,2,1,0,0,207,4078,1,0,0,27,0,0,4,1600000,200000,182932
1,0,0,0,0,0,0,15,0,2013-11-25T15:00:02.452+0100,79,1,0,0,0,1,0,0,0,11,2,2,1,0,0,312,3961,1,0,0,27,0,1,4,1600000,200000,182932
1,0,0,0,0,0,0,16,2,2013-11-25T16:02:01.792+0100,78,1,0,0,0,1,0,0,0,11,2,2,1,0,0,229,4049,0,0,1,27,0,0,4,1600000,200000,182932
1,0,0,0,0,0,0,17,3,2013-11-25T17:03:03.333+0100,80,1,0,0,0,1,0,0,0,11,2,2,1,0,0,321,4040,1,0,0,27,0,0,4,1600000,200000,66240
1,0,0,0,0,0,0,18,3,2013-11-25T18:03:23.093+0100,76,1,0,0,0,1,0,0,0,11,2,2,1,0,0,271,4016,1,0,0,27,0,0,4,1600000,200000,66240
1,0,0,0,0,0,0,19,0,2013-11-25T19:00:07.950+0100,72,1,0,0,0,1,0,0,0,11,2,2,1,0,0,301,3963,1,0,0,27,0,1,4,1600000,200000,66240
1,0,0,0,0,0,0,20,3,2013-11-25T20:03:05.205+0100,68,1,0,0,0,1,0,0,0,11,2,2,1,0,0,237,3940,1,0,0,27,0,0,4,1600000,200000,66240
1,0,0,0,0,0,0,21,3,2013-11-25T21:03:20.697+0100,67,1,0,0,0,1,0,0,0,11,2,2,1,0,0,233,3941,1,0,0,27,0,0,4,1600000,200000,66240
1,0,0,0,0,0,0,22,0,2013-11-25T22:00:01.001+0100,61,1,0,0,0,1,0,0,0,11,2,2,1,0,0,339,3859,1,0,0,27,0,1,4,1600000,200000,103656
1,0,0,0,0,0,0,23,0,2013-11-25T23:00:02.266+0100,53,1,0,0,0,1,0,0,0,11,2,2,1,0,0,330,3815,1,0,0,27,0,1,4,1600000,200000,103656
0,1,0,0,0,0,0,0,0,2013-11-26T00:00:02.389+0100,49,1,0,0,0,1,0,0,0,11,2,2,1,0,0,299,3806,1,0,0,27,0,1,4,1600000,200000,103656
0,1,0,0,0,0,0,1,0,2013-11-26T01:00:03.185+0100,45,0,0,0,0,0,0,0,0,11,2,2,1,0,0,270,3789,1,0,0,27,0,0,4,1600000,200000,103656
0,1,0,0,0,0,0,2,1,2013-11-26T02:01:22.198+0100,61,0,0,0,0,0,0,0,0,11,2,2,1,0,0,244,4219,0,1,0,27,0,0,4,1600000,200000,103656
0,1,0,0,0,0,0,3,1,2013-11-26T03:01:22.052+0100,96,0,0,0,0,0,0,0,0,11,2,2,1,0,0,213,4336,0,1,0,27,0,0,4,1600000,200000,103656
0,1,0,0,0,0,0,4,1,2013-11-26T04:01:21.983+0100,100,0,0,0,0,0,0,0,0,11,2,2,1,0,0,198,4335,0,1,0,27,0,0,4,1600000,200000,103656
0,1,0,0,0,0,0,5,1,2013-11-26T05:01:21.831+0100,100,0,0,0,0,0,0,0,0,11,2,2,1,0,0,180,4310,0,1,0,27,0,0,4,1600000,200000,103656
0,1,0,0,0,0,0,6,1,2013-11-26T06:01:22.483+0100,100,0,0,0,0,0,0,0,0,11,2,2,1,0,0,186,4310,0,1,0,27,0,0,4,1600000,200000,103656
0,1,0,0,0,0,0,7,0,2013-11-26T07:00:07.967+0100,100,0,0,0,0,0,0,0,0,11,2,2,1,0,0,184,4308,0,1,0,27,0,0,4,1600000,200000,103656
0,1,0,0,0,0,0,8,0,2013-11-26T08:00:43.785+0100,100,1,0,0,0,1,0,0,0,11,2,2,1,0,0,189,4308,0,1,0,27,0,0,4,1600000,200000,103656
0,1,0,0,0,0,0,9,0,2013-11-26T09:00:07.335+0100,95,1,0,0,0,1,0,0,0,11,2,2,1,0,0,248,4164,1,0,0,27,0,1,4,1600000,200000,103656
0,1,0,0,0,0,0,10,1,2013-11-26T10:01:11.077+0100,90,1,0,0,0,1,0,0,0,11,2,2,1,0,0,200,4153,1,0,0,27,0,0,4,1600000,200000,103656
0,1,0,0,0,0,0,11,1,2013-11-26T11:01:21.880+0100,86,0,0,0,0,0,0,0,0,11,2,2,1,0,0,80,4115,1,0,0,27,0,0,4,1600000,200000,103656
0,1,0,0,0,0,0,12,1,2013-11-26T12:01:22.562+0100,82,1,0,0,0,1,0,0,0,11,2,2,1,0,0,191,4080,1,0,0,27,0,0,4,1600000,200000,103656
0,1,0,0,0,0,0,13,0,2013-11-26T13:00:16.339+0100,76,1,0,0,0,1,0,0,0,11,2,2,1,0,0,274,3978,1,0,0,27,0,1,4,1600000,200000,103656
0,1,0,0,0,0,0,14,0,2013-11-26T14:00:00.460+0100,73,1,0,0,0,1,0,0,0,11,2,2,1,0,0,214,3987,1,0,0,27,0,1,4,1600000,200000,103656
0,1,0,0,0,0,0,15,0,2013-11-26T15:00:13.656+0100,66,1,0,0,0,1,0,0,0,11,2,2,1,0,0,244,3930,1,0,0,27,0,1,4,1600000,200000,103656
0,1,0,0,0,0,0,16,0,2013-11-26T16:00:00.380+0100,62,1,0,0,1,0,0,0,0,11,2,2,1,0,0,227,3894,1,0,0,27,0,1,4,1600000,200000,103656
0,1,0,0,0,0,0,17,0,2013-11-26T17:00:08.913+0100,55,1,0,0,0,1,0,0,0,11,10,2,1,0,0,246,3825,1,0,0,27,0,1,4,1600000,200000,131436
0,1,0,0,0,0,0,18,2,2013-11-26T18:02:51.337+0100,83,1,0,0,0,1,0,0,0,11,10,2,1,0,0,247,4334,0,1,0,27,0,0,4,1600000,200000,131436
0,1,0,0,0,0,0,19,0,2013-11-26T19:00:02.868+0100,83,1,0,0,0,1,0,0,0,11,10,2,1,0,0,298,4083,1,0,0,27,0,1,4,1600000,200000,131436
0,1,0,0,0,0,0,20,0,2013-11-26T20:00:02.482+0100,77,1,0,0,0,1,0,0,0,11,10,2,1,0,0,308,4022,1,0,0,27,0,1,4,1600000,200000,81592
0,1,0,0,0,0,0,21,2,2013-11-26T21:02:56.595+0100,70,1,0,0,1,0,0,0,0,11,10,2,1,0,0,282,3946,1,0,0,27,0,0,4,1600000,200000,81592
0,1,0,0,0,0,0,22,1,2013-11-26T22:01:05.311+0100,64,1,0,0,0,1,0,0,0,11,10,2,1,0,0,317,3909,1,0,0,27,0,1,4,1600000,200000,81592
0,1,0,0,0,0,0,23,0,2013-11-26T23:00:22.601+0100,58,1,0,0,0,1,0,0,0,11,10,2,1,0,0,278,3857,1,0,0,27,0,0,4,1600000,200000,125056
0,0,1,0,0,0,0,0,4,2013-11-27T00:04:05.834+0100,81,1,0,0,0,1,0,0,0,11,10,2,1,0,0,269,4333,0,1,0,27,0,0,4,1600000,200000,125056
0,0,1,0,0,0,0,1,0,2013-11-27T01:00:00.398+0100,100,0,0,0,0,0,0,0,0,11,10,2,1,0,0,206,4335,0,1,0,27,0,0,4,1600000,200000,125056
0,0,1,0,0,0,0,2,4,2013-11-27T02:04:23.212+0100,100,0,0,0,0,0,0,0,0,11,10,2,1,0,0,196,4313,0,1,0,27,0,0,4,1600000,200000,125056
0,0,1,0,0,0,0,3,4,2013-11-27T03:04:23.342+0100,100,0,0,0,0,0,0,0,0,11,10,2,1,0,0,202,4310,0,1,0,27,0,0,4,1600000,200000,125056
0,0,1,0,0,0,0,4,4,2013-11-27T04:04:23.243+0100,100,0,0,0,0,0,0,0,0,11,10,2,1,0,0,191,4308,0,1,0,27,0,0,4,1600000,200000,125056
0,0,1,0,0,0,0,5,4,2013-11-27T05:04:22.986+0100,100,0,0,0,0,0,0,0,0,11,10,2,1,0,0,196,4310,0,1,0,27,0,0,4,1600000,200000,125056
0,0,1,0,0,0,0,6,0,2013-11-27T06:00:53.524+0100,99,1,0,0,0,1,0,0,0,11,10,2,1,0,0,250,4204,1,0,0,27,0,1,4,1600000,200000,125056
0,0,1,0,0,0,0,7,0,2013-11-27T07:00:10.405+0100,91,1,0,0,1,0,0,0,0,11,10,2,1,0,0,283,4109,1,0,0,27,0,1,4,1600000,200000,125056
0,0,1,0,0,0,0,8,1,2013-11-27T08:01:52.637+0100,85,1,0,0,0,1,0,0,0,11,10,2,1,0,0,200,4106,1,0,0,27,0,0,4,1600000,200000,125056
0,0,1,0,0,0,0,9,2,2013-11-27T09:02:01.733+0100,84,1,0,0,0,1,0,0,0,11,10,2,1,0,0,194,4094,1,0,0,27,0,0,4,1600000,200000,125056
0,0,1,0,0,0,0,10,0,2013-11-27T10:00:33.585+0100,82,1,0,0,0,1,0,0,0,11,10,2,1,0,0,202,4018,1,0,0,27,0,1,4,1600000,200000,125056
0,0,1,0,0,0,0,11,1,2013-11-27T11:01:53.256+0100,73,1,0,0,0,1,0,0,0,9,7,2,1,0,0,264,3942,1,0,0,27,1,1,4,1600000,200000,125056
0,0,1,0,0,0,0,12,2,2013-11-27T12:02:51.435+0100,70,1,0,0,1,0,0,0,0,9,7,2,1,0,0,197,3955,1,0,0,27,1,1,4,1600000,200000,125056
0,0,1,0,0,0,0,13,0,2013-11-27T13:00:55.451+0100,65,1,0,0,0,1,0,0,0,9,0,2,1,0,0,217,3913,1,0,0,27,1,1,4,1600000,200000,125056
0,0,1,0,0,0,0,14,3,2013-11-27T14:03:51.500+0100,56,1,0,0,0,1,0,0,0,11,9,2,1,0,0,219,3837,1,0,0,27,1,0,4,1600000,200000,113044
0,0,1,0,0,0,0,15,0,2013-11-27T15:00:04.525+0100,51,1,0,0,0,1,0,0,0,11,9,2,1,0,0,266,3803,1,0,0,27,1,1,4,1600000,200000,113044
0,0,1,0,0,0,0,16,3,2013-11-27T16:03:40.873+0100,45,1,0,0,0,1,0,0,0,11,9,2,1,0,0,210,3788,1,0,0,27,1,0,4,1600000,200000,113044
0,0,1,0,0,0,0,17,0,2013-11-27T17:00:10.961+0100,84,1,0,0,1,0,0,0,0,11,9,2,1,0,0,249,4115,1,0,0,27,1,1,4,1600000,200000,113044
0,0,1,0,0,0,0,18,0,2013-11-27T18:00:02.114+0100,78,1,0,0,0,1,0,0,0,11,9,2,1,0,0,300,4041,1,0,0,27,1,1,4,1600000,200000,77428
0,0,1,0,0,0,0,19,0,2013-11-27T19:00:05.952+0100,71,1,0,0,0,1,0,0,0,11,9,2,1,0,0,300,3955,1,0,0,27,1,1,4,1600000,200000,77428
0,0,1,0,0,0,0,20,0,2013-11-27T20:00:00.109+0100,64,1,0,0,0,1,0,0,0,11,13,2,1,0,0,297,3905,1,0,0,27,1,0,4,1600000,200000,94012
0,0,1,0,0,0,0,21,0,2013-11-27T21:00:01.098+0100,58,1,0,0,0,1,0,0,0,11,13,2,1,0,0,308,3851,1,0,0,27,1,1,4,1600000,200000,94012
0,0,1,0,0,0,0,22,0,2013-11-27T22:00:00.187+0100,52,1,0,0,1,0,0,0,0,11,13,2,1,0,0,300,3816,1,0,0,27,1,0,4,1600000,200000,94012
0,0,1,0,0,0,0,23,0,2013-11-27T23:00:00.277+0100,49,1,0,0,0,1,0,0,0,11,13,2,1,0,0,248,3806,1,0,0,27,1,0,4,1600000,200000,94012
0,0,0,1,0,0,0,0,0,2013-11-28T00:00:00.174+0100,46,1,0,0,0,1,0,0,0,11,13,2,1,0,0,213,3786,1,0,0,27,1,0,4,1600000,200000,94012
0,0,0,1,0,0,0,1,0,2013-11-28T01:00:00.762+0100,44,1,0,0,0,1,0,0,0,11,13,2,1,0,0,211,3778,1,0,0,27,1,0,4,1600000,200000,94012
0,0,0,1,0,0,0,2,0,2013-11-28T02:00:00.763+0100,83,0,0,0,0,0,0,0,0,11,13,2,1,0,0,252,4335,0,1,0,27,1,0,4,1600000,200000,94012
0,0,0,1,0,0,0,3,0,2013-11-28T03:00:00.363+0100,100,0,0,0,0,0,0,0,0,11,13,2,1,0,0,194,4335,0,1,0,27,1,0,4,1600000,200000,94012
0,0,0,1,0,0,0,4,0,2013-11-28T04:00:02.093+0100,100,0,0,0,0,0,0,0,0,11,13,2,1,0,0,189,4310,0,1,0,27,1,0,4,1600000,200000,94012
0,0,0,1,0,0,0,5,0,2013-11-28T05:00:00.083+0100,100,0,0,0,0,0,0,0,0,11,13,2,1,0,0,177,4310,0,1,0,27,1,0,4,1600000,200000,94012
0,0,0,1,0,0,0,6,0,2013-11-28T06:00:00.853+0100,100,0,0,0,0,0,0,0,0,11,13,2,1,0,0,177,4308,0,1,0,27,1,0,4,1600000,200000,94012
0,0,0,1,0,0,0,7,0,2013-11-28T07:00:04.490+0100,100,1,0,0,0,1,0,0,0,11,13,2,1,0,0,175,4308,0,1,0,27,1,0,4,1600000,200000,94012
0,0,0,1,0,0,0,8,1,2013-11-28T08:01:49.100+0100,92,1,0,0,1,0,0,0,0,11,4,2,1,0,0,255,4164,1,0,0,27,1,0,4,1600000,200000,135408
0,0,0,1,0,0,0,9,0,2013-11-28T09:00:01.098+0100,91,1,0,0,0,1,0,0,0,11,4,2,1,0,0,194,4153,1,0,0,27,1,1,4,1600000,200000,135408
0,0,0,1,0,0,0,10,1,2013-11-28T10:01:03.500+0100,88,1,0,0,0,1,0,0,0,11,4,2,1,0,0,200,4034,1,0,0,27,1,1,4,1600000,200000,135408
0,0,0,1,0,0,0,11,0,2013-11-28T11:00:07.138+0100,80,1,0,0,0,1,0,0,0,11,4,2,1,0,0,229,4040,1,0,0,27,1,1,4,1600000,200000,135408
0,0,0,1,0,0,0,12,0,2013-11-28T12:00:01.129+0100,78,1,0,0,0,1,0,0,0,9,4,2,1,0,0,197,4042,1,0,0,27,1,1,4,1600000,200000,135408
0,0,0,1,0,0,0,13,2,2013-11-28T13:02:35.789+0100,72,1,0,0,1,0,0,0,0,9,4,2,1,0,0,196,3968,1,0,0,27,1,0,4,1600000,200000,110924
0,0,0,1,0,0,0,14,0,2013-11-28T14:00:02.976+0100,65,1,0,0,0,1,0,0,0,9,4,2,1,0,0,300,3911,1,0,0,27,1,1,4,1600000,200000,110924
0,0,0,1,0,0,0,15,0,2013-11-28T15:00:32.414+0100,55,1,0,0,0,1,0,0,0,9,4,2,1,0,0,245,3840,1,0,0,27,1,0,4,1600000,200000,110924
0,0,0,1,0,0,0,16,1,2013-11-28T16:01:16.881+0100,51,1,0,0,0,1,0,0,0,9,4,2,1,0,0,259,3815,1,0,0,27,1,0,4,1600000,200000,110924
0,0,0,1,0,0,0,17,0,2013-11-28T17:00:22.313+0100,47,1,0,0,0,1,0,0,0,9,4,2,1,0,0,334,3778,1,0,0,27,1,0,4,1600000,200000,130932
0,0,0,1,0,0,0,18,0,2013-11-28T18:00:32.562+0100,42,1,0,0,0,1,0,0,0,9,4,2,1,0,0,316,3767,1,0,0,27,1,1,4,1600000,200000,130932
0,0,0,1,0,0,0,19,0,2013-11-28T19:00:46.189+0100,35,1,0,0,0,1,0,0,0,9,4,2,1,0,0,301,3755,1,0,0,27,1,0,4,1600000,200000,130932
0,0,0,1,0,0,0,20,0,2013-11-28T20:00:04.269+0100,67,1,0,0,0,1,0,0,0,9,4,2,1,0,0,320,4246,0,1,0,27,1,0,4,1600000,200000,130932
0,0,0,1,0,0,0,21,0,2013-11-28T21:00:42.871+0100,95,1,0,0,0,1,0,0,0,9,4,2,1,0,0,301,4186,1,0,0,27,1,1,4,1600000,200000,130932
0,0,0,1,0,0,0,22,0,2013-11-28T22:00:02.133+0100,87,1,0,0,0,1,0,0,0,9,4,2,1,0,0,300,4108,1,0,0,27,1,1,4,1600000,200000,51356
0,0,0,1,0,0,0,23,0,2013-11-28T23:00:46.047+0100,80,1,0,0,1,0,0,0,0,9,4,2,1,0,0,320,4015,1,0,0,27,1,0,4,1600000,200000,51356
0,0,0,0,1,0,0,0,0,2013-11-29T00:00:23.131+0100,93,1,0,0,0,1,0,0,0,9,4,2,1,0,0,219,4335,0,1,0,27,1,0,4,1600000,200000,51356
0,0,0,0,1,0,0,1,0,2013-11-29T01:00:24.082+0100,100,0,0,0,0,0,0,0,0,9,4,2,1,0,0,200,4336,0,1,0,27,1,0,4,1600000,200000,51356
0,0,0,0,1,0,0,2,0,2013-11-29T02:00:46.250+0100,99,0,0,0,0,0,0,0,0,9,4,2,1,0,0,180,4266,1,0,0,27,1,0,4,1600000,200000,51356
0,0,0,0,1,0,0,3,0,2013-11-29T03:00:46.238+0100,97,0,0,0,0,0,0,0,0,9,4,2,1,0,0,181,4258,1,0,0,27,1,0,4,1600000,200000,51356
0,0,0,0,1,0,0,4,0,2013-11-29T04:00:13.109+0100,97,0,0,0,0,0,0,0,0,9,4,2,1,0,0,187,4243,1,0,0,27,1,0,4,1600000,200000,51356
0,0,0,0,1,0,0,5,0,2013-11-29T05:00:46.802+0100,96,0,0,0,0,0,0,0,0,9,4,2,1,0,0,174,4230,1,0,0,27,1,0,4,1600000,200000,51356
0,0,0,0,1,0,0,6,0,2013-11-29T06:00:45.978+0100,95,0,0,0,0,0,0,0,0,9,4,2,1,0,0,180,4217,1,0,0,27,1,0,4,1600000,200000,51356
0,0,0,0,1,0,0,7,0,2013-11-29T07:00:29.630+0100,94,0,0,0,0,0,0,0,0,9,4,2,1,0,0,180,4206,1,0,0,27,1,0,4,1600000,200000,51356
0,0,0,0,1,0,0,8,0,2013-11-29T08:00:46.190+0100,93,1,0,0,0,1,0,0,0,9,4,2,1,0,0,181,4190,1,0,0,27,1,0,4,1600000,200000,51356
0,0,0,0,1,0,0,9,0,2013-11-29T09:00:04.416+0100,86,1,0,0,1,0,0,0,0,9,4,2,1,0,0,282,4045,1,0,0,27,1,1,4,1600000,200000,92328
